-- phpMyAdmin SQL Dump
-- version 4.5.5.1
-- http://www.phpmyadmin.net
--
-- Client :  127.0.0.1
-- G√©n√©r√© le :  Lun 27 Mars 2017 √† 23:05
-- Version du serveur :  5.7.11
-- Version de PHP :  7.0.4

SET SQL_MODE = "NO_AUTO_VALUE_ON_ZERO";
SET time_zone = "+00:00";


/*!40101 SET @OLD_CHARACTER_SET_CLIENT=@@CHARACTER_SET_CLIENT */;
/*!40101 SET @OLD_CHARACTER_SET_RESULTS=@@CHARACTER_SET_RESULTS */;
/*!40101 SET @OLD_COLLATION_CONNECTION=@@COLLATION_CONNECTION */;
/*!40101 SET NAMES utf8mb4 */;

--
-- Base de donn√©es :  `fyprbqhq_perso`
--

--
-- Contenu de la table `f2000fr_trainingcenter_calendar_offday`
--

INSERT INTO `f2000fr_trainingcenter_calendar_offday` (`id`, `training_id`, `day`, `period`) VALUES
(6, 1, '2017-02-03 00:00:00', 2),
(9, 1, '2017-02-10 00:00:00', 2),
(8, 1, '2017-02-17 00:00:00', 2),
(10, 1, '2017-02-24 00:00:00', 2),
(11, 1, '2017-03-03 00:00:00', 2),
(12, 1, '2017-03-10 00:00:00', 2),
(13, 1, '2017-03-17 00:00:00', 2),
(14, 1, '2017-03-24 00:00:00', 2);

--
-- Contenu de la table `f2000fr_trainingcenter_calendar_tm`
--

INSERT INTO `f2000fr_trainingcenter_calendar_tm` (`id`, `training_module_id`, `day`, `period`) VALUES
(1, 1, '2017-01-30 00:00:00', 1),
(2, 2, '2017-01-30 00:00:00', 1),
(3, 3, '2017-01-30 00:00:00', 1),
(4, 4, '2017-01-30 00:00:00', 2),
(5, 5, '2017-01-30 00:00:00', 2),
(6, 6, '2017-01-31 00:00:00', 1),
(7, 7, '2017-01-31 00:00:00', 1),
(11, 7, '2017-02-01 00:00:00', 1),
(8, 8, '2017-01-31 00:00:00', 2),
(9, 9, '2017-02-01 00:00:00', 2),
(10, 10, '2017-02-01 00:00:00', 2),
(13, 11, '2017-02-02 00:00:00', 1),
(12, 11, '2017-02-02 00:00:00', 2),
(14, 11, '2017-02-03 00:00:00', 1),
(15, 12, '2017-02-07 00:00:00', 2),
(20, 12, '2017-02-08 00:00:00', 1),
(16, 13, '2017-02-06 00:00:00', 1),
(17, 14, '2017-02-06 00:00:00', 1),
(18, 14, '2017-02-06 00:00:00', 2),
(19, 14, '2017-02-07 00:00:00', 1),
(21, 15, '2017-02-08 00:00:00', 2),
(22, 16, '2017-02-09 00:00:00', 1),
(23, 17, '2017-02-09 00:00:00', 2),
(29, 17, '2017-02-10 00:00:00', 1),
(24, 18, '2017-02-13 00:00:00', 2),
(31, 18, '2017-02-14 00:00:00', 1),
(25, 19, '2017-02-14 00:00:00', 2),
(26, 20, '2017-02-14 00:00:00', 2),
(27, 21, '2017-02-15 00:00:00', 1),
(32, 21, '2017-02-15 00:00:00', 2),
(28, 22, '2017-02-16 00:00:00', 1),
(33, 22, '2017-02-16 00:00:00', 2),
(30, 23, '2017-02-13 00:00:00', 1),
(34, 24, '2017-02-17 00:00:00', 1),
(35, 25, '2017-02-17 00:00:00', 1),
(36, 26, '2017-02-17 00:00:00', 1),
(37, 27, '2017-02-17 00:00:00', 1),
(38, 28, '2017-02-20 00:00:00', 1),
(39, 29, '2017-02-20 00:00:00', 2),
(40, 30, '2017-02-21 00:00:00', 1),
(41, 31, '2017-02-21 00:00:00', 1),
(42, 32, '2017-02-21 00:00:00', 2),
(47, 33, '2017-02-21 00:00:00', 2),
(46, 33, '2017-02-22 00:00:00', 1),
(43, 33, '2017-02-22 00:00:00', 2),
(44, 33, '2017-02-23 00:00:00', 1),
(45, 33, '2017-02-23 00:00:00', 2),
(48, 34, '2017-02-24 00:00:00', 1),
(49, 35, '2017-02-24 00:00:00', 1),
(50, 36, '2017-02-24 00:00:00', 1),
(51, 37, '2017-02-24 00:00:00', 1),
(52, 38, '2017-02-27 00:00:00', 1),
(53, 39, '2017-02-27 00:00:00', 1),
(54, 40, '2017-02-27 00:00:00', 2),
(55, 41, '2017-02-27 00:00:00', 2),
(56, 42, '2017-02-28 00:00:00', 1),
(57, 43, '2017-02-28 00:00:00', 2),
(58, 44, '2017-03-01 00:00:00', 1),
(60, 44, '2017-03-01 00:00:00', 2),
(59, 45, '2017-03-02 00:00:00', 1),
(61, 45, '2017-03-02 00:00:00', 2),
(62, 46, '2017-03-03 00:00:00', 1),
(63, 47, '2017-03-06 00:00:00', 1),
(64, 47, '2017-03-06 00:00:00', 2),
(65, 47, '2017-03-07 00:00:00', 1),
(66, 47, '2017-03-07 00:00:00', 2),
(67, 47, '2017-03-08 00:00:00', 1),
(68, 47, '2017-03-08 00:00:00', 2),
(69, 47, '2017-03-09 00:00:00', 1),
(70, 47, '2017-03-09 00:00:00', 2),
(71, 47, '2017-03-10 00:00:00', 1),
(73, 47, '2017-03-13 00:00:00', 1),
(74, 47, '2017-03-13 00:00:00', 2),
(75, 47, '2017-03-14 00:00:00', 1),
(76, 47, '2017-03-14 00:00:00', 2),
(77, 47, '2017-03-15 00:00:00', 1),
(78, 47, '2017-03-15 00:00:00', 2),
(79, 47, '2017-03-16 00:00:00', 1),
(80, 47, '2017-03-16 00:00:00', 2),
(81, 47, '2017-03-17 00:00:00', 1),
(82, 47, '2017-03-20 00:00:00', 1),
(84, 47, '2017-03-20 00:00:00', 2),
(83, 47, '2017-03-21 00:00:00', 1),
(85, 47, '2017-03-21 00:00:00', 2),
(86, 47, '2017-03-22 00:00:00', 1),
(87, 47, '2017-03-22 00:00:00', 2),
(88, 47, '2017-03-23 00:00:00', 1),
(89, 47, '2017-03-23 00:00:00', 2),
(90, 47, '2017-03-24 00:00:00', 1),
(91, 47, '2017-03-27 00:00:00', 1),
(96, 47, '2017-03-27 00:00:00', 2),
(92, 47, '2017-03-28 00:00:00', 1),
(95, 47, '2017-03-28 00:00:00', 2),
(93, 47, '2017-03-29 00:00:00', 1),
(94, 47, '2017-03-29 00:00:00', 2);

--
-- Contenu de la table `f2000fr_trainingcenter_category`
--

INSERT INTO `f2000fr_trainingcenter_category` (`id`, `parent_id`, `name`) VALUES
(1, NULL, 'Formation'),
(2, NULL, 'D√©veloppement web'),
(3, 2, 'G√©n√©ral'),
(4, 2, 'Ergonomie'),
(5, 15, 'HTML'),
(6, 15, 'CSS'),
(7, 15, 'JS'),
(8, 15, 'PHP'),
(9, 15, 'SQL'),
(10, 15, 'PHP/SQL'),
(11, 2, 'S√©curit√©'),
(12, 2, 'Outils'),
(13, 2, 'Symfony'),
(14, 2, 'M√©thodologie'),
(15, 2, 'Langages');

--
-- Contenu de la table `f2000fr_trainingcenter_exercice`
--

INSERT INTO `f2000fr_trainingcenter_exercice` (`id`, `module_id`, `reference`, `name`, `description`, `how_to`, `clue`) VALUES
(1, 1, 'EXO1', 'Pr√©sentation du groupe', 'Apprendre √† se conna√Ætre par le dialogue', 'Discussion en bin√¥me (20 min) et pr√©sentation oral de son coll√®gue (5 min)\n-	Qui ? (pr√©nom, √¢ge)\n-	Ses passions ?\n-	Notions connues parmi : HTML, CSS, PHP, JS, SQL\n-	Parcours professionnel ?\n-	Pourquoi cette formation ?', NULL),
(2, 1, 'EXO2', 'Installation et configuration des postes', 'Installation des postes et des outils (Notepad++)', 'D√©couverte assist√©e\n-	V√©rification poste\n-	Connexion internet \n-	Installation des logiciels', NULL),
(14, 5, 'EXO1', 'R√©alisation d‚Äôun CV au format HTML', 'D√©couverte des outils (Notepad++) et r√©alisation d‚Äôexercices HTML', '- R√©alisation d‚Äôun CV\n--> D√©couvrir le rendu sur plusieurs navigateurs\n--> Notion d‚Äôencodage\n\n- R√©alisation d‚Äôun tableau', 'Balises utiles :  <img>, <hx>, <ul>, <li>, <a>, <table>, <tr>, <td>'),
(15, 6, 'EXO2', 'R√©alisation d‚Äôune page au format HTML', 'R√©alisation d‚Äôexercices HTML avanc√©s', '- Bas√© sur la page des annonces du site ¬´ LeBonCoin ¬ª\n- Analyse puis r√©alisation du template de base (logo, menu, annonces, footer)', 'Vous pouvez d√©finir une "bordure" sur tout les "div" afin d''y voir plus clair dans l''architecture de votre page.\nPour cela, rajoutez le code suivant dans la balise "<head>"\n<style>\ndiv {border: 1px solid black;}\n</style>'),
(16, 7, 'EXO1', 'R√©alisation d‚Äôun CV au format HTML/CSS', 'R√©alisation d‚Äôexercices HTML/CSS', '- R√©alisation d''un CV au format HTML\n- Am√©lioration du CV via des r√®gles CSS', NULL),
(17, 9, 'EXO1', 'R√©alisation d‚Äôune page au format HTML/CSS', 'R√©alisation d‚Äôexercices CSS avanc√©s', '-	R√©alisation d‚Äôune page complexe au format HTML\n-	Am√©lioration de la page via des r√®gles CSS \n-	Visualisation du r√©sultat sur diff√©rents navigateurs', 'Vous pouvez d√©finir une "bordure" sur tout les "div" afin d''y voir plus clair dans l''architecture de votre page.\nAinsi que des couleurs d''arri√®re-plan pour distinguer les diff√©rents √©l√©ments de votre page.\n\nExemple :\n<style>\ndiv {border: 1px solid black;}\nheader {background: red;}\nfooter {background: yellow;}\n</style>'),
(18, 10, 'EXO1', 'Mise en page centr√©e en 2 colonnes, header et pied de page', 'Probl√©matique : Mise en page centr√©e en 2 colonnes, header et pied de page', '<body>\n	<header>\n		<!-- Ceci est mon haut de page -->\n	</header>\n	<aside>\n		<!-- Ceci est ma colonne lat√©rale -->\n	</aside>\n	<section>\n		<!-- Ceci est mon contenu principal -->\n		<h2>Mon titre</h2>\n	</section>\n	<footer>\n		<!-- Ceci est mon pied de page -->\n	</footer>\n<body>', 'Au moins trois solutions possibles :\n- absolute + marge\n- float + marge\n- float + float'),
(20, 12, 'EXO1', 'R√©alisation d‚Äôune page responsive', 'Mise en pratique des media-queries', 'Pr√©-requis :\n-	R√©alisation d‚Äôune page complexe au format HTML\n-	Am√©lioration via des r√®gles CSS\n\nVersion responsive simple :\n- Menu vertical sur mobile\n- Mise en width 100% des √©l√©ments section/aside et retour dans le flux normal', NULL),
(21, 12, 'EXO2', 'R√©alisation d‚Äôun mini-site responsive', 'R√©alisation d‚Äôun site multipage avec formulaire', '-	Page D√©tailAnnonce\n-	Page Contact', NULL),
(22, 13, 'EXO1', 'R√©alisation du storyboard d‚Äôune page responsive', 'R√©alisation d‚Äôun storyboard pour une page responsive', NULL, NULL),
(23, 13, 'EXO2', 'R√©alisation du storyboard d‚Äôun mini-site', 'R√©alisation d‚Äôun storyboard pour un site multipage', NULL, NULL),
(24, 13, 'EXO3', 'R√©alisation du storyboard d‚Äôun mini-site responsive', 'R√©alisation d‚Äôun storyboard pour un site multipage responsive', NULL, NULL),
(25, 9, 'EXO2', 'R√©alisation d‚Äôun mini-site au format HTML/CSS', 'R√©alisation d‚Äôexercices CSS avanc√©s', 'Cr√©ation de la page "d√©tail annonce"', NULL),
(26, 6, 'EXO1', 'R√©alisation d‚Äôun CV au format HTML', 'D√©couverte des outils (Notepad++) et r√©alisation d‚Äôexercices HTML', '- R√©alisation d‚Äôun CV\n--> D√©couvrir le rendu sur plusieurs navigateurs\n--> Notion d‚Äôencodage\n\n- R√©alisation d‚Äôun tableau', 'Balises utiles : <img>, <hx>, <ul>, <li>, <a>, <table>, <tr>, <td> \nHTML5 : <section>, <aside>, <header>'),
(27, 10, 'EXO2', 'Quatre colonnes fluides de m√™me hauteur centr√©es horizontalement', 'Probl√©matique : Quatre colonnes fluides de m√™me hauteur centr√©es horizontalement', '<header>...</header>\n\n<section id="decouverte">...</section>\n<section id="start">...</section>\n<section id="services">...</section>\n<section id="power">...</section>	\n\n<footer>...</footer>', 'Au moins trois solutions possibles :\n- "absolute + marges"\n- "table/table-cell"\n- "inline-block"'),
(28, 12, 'EXO3', 'R√©alisation d''une page d''impression optimis√©e', 'Pouvoir imprimer facilement la page des annonces', 'Media querie "print"', 'Enlever le header/footer et les filtres'),
(29, 14, 'EXO1', 'R√©alisation d''une page web responsive', 'D√©couvrir Bootstrap et r√©aliser une page web responsive', NULL, NULL),
(30, 14, 'EXO2', 'R√©alisation d‚Äôun mini-site responsive', 'R√©alisation d‚Äôun site multipage avec Bootstrap', '-	Page D√©tailAnnonce\n-	Page Contact', NULL),
(31, 17, 'EXO1', 'Prise en main de JS', 'Prise en main du langage Javascript', '- Boucle de 1 √† 10 ; Afficher le compteur √† chaque pas et la parit√© du compteur\n- Boucle de 0 √† n ; Tant que l''utilisateur veut jouer ; Afficher le compteur √† chaque pas\n- Quizz 2+2 = ?', NULL),
(32, 17, 'EXO2', 'Utilisation interm√©diaire de JS', 'Manipulation des √©v√®nements via JS \nManipulation du DOM/CSS via JS', '-	div ¬´ boutons ¬ª permettant de changer, au clic, la couleur d‚Äôarri√®re-plan d‚Äôun autre div', NULL),
(33, 18, 'EXO1', 'Prise en main de JQuery', 'Manipulation des √©v√®nements via JQuery\nManipulation du DOM/CSS via JQuery', '- div ¬´ boutons ¬ª permettant de changer, au clic, la couleur d‚Äôarri√®re-plan d‚Äôun autre div', NULL),
(34, 17, 'EXO3', 'Cr√©er un formulaire interactif', 'Cr√©er un formulaire d''inscription avec des contr√¥les personnalis√©s', 'Sexe : Un sexe doit √™tre s√©lectionn√©\nNom : Pas moins de 2 caract√®res\nPr√©nom : Pas moins de 2 caract√®res\n√Çge : Un nombre compris entre 5 et 140\nPseudo : Pas moins de 4 caract√®res\nMot de passe : Pas moins de 6 caract√®res\nMot de passe (confirmation) : Doit √™tre identique au premier mot de passe\nPays : Un pays doit √™tre s√©lectionn√©\nSi l''utilisateur souhaite recevoir des mails : Pas de condition', 'Cr√©er une fonction de validation pour chacun des champs et appeler ces fonctions √† chaque modification du formulaire'),
(35, 18, 'EXO2', 'Cr√©er un formulaire interactif', 'Cr√©er un formulaire d''inscription avec des contr√¥les personnalis√©s', 'Sexe : Un sexe doit √™tre s√©lectionn√©\nNom : Pas moins de 2 caract√®res\nPr√©nom : Pas moins de 2 caract√®res\n√Çge : Un nombre compris entre 5 et 140\nPseudo : Pas moins de 4 caract√®res\nMot de passe : Pas moins de 6 caract√®res\nMot de passe (confirmation) : Doit √™tre identique au premier mot de passe\nPays : Un pays doit √™tre s√©lectionn√©\nSi l''utilisateur souhaite recevoir des mails : Pas de condition', 'Cr√©er une fonction de validation pour chacun des champs et appeler ces fonctions √† chaque modification du formulaire'),
(36, 20, 'EXO1', 'Inclusion de fichiers en PHP (header/footer)', 'D√©couverte de la fonction include( )', 'Cr√©er deux nouveaux fichiers header.php et footer.php pour y d√©placer le code correspondant\nInclure ces fichiers dans les pages index.php et detail_annonce.php', NULL),
(37, 20, 'EXO2', 'Affichage dynamique en PHP', 'Prise en main de PHP pour de l‚Äôaffichage dynamique', NULL, NULL),
(38, 21, 'EXO1', 'Passage de param√®tres via PHP', 'Mise en pratique de GET', NULL, NULL),
(39, 21, 'EXO2', 'Le formulaire de connexion', 'Mise en pratique de GET/POST', NULL, NULL),
(40, 22, 'EXO1', 'D√©couverte de sessions', 'Mise en pratique des sessions', NULL, NULL),
(41, 22, 'EXO2', 'Le formulaire de connexion persistant', 'Mise en pratique des sessions', 'Faire persister les informations de connexions de l''utilisateur', NULL),
(42, 23, 'EXO1', 'Le journal des connexions', 'Cr√©ation d‚Äôun fichier de log journalier', 'Cr√©er un dossier /log et un fichier par jour (¬´ 2016-04-22.log ¬ª)\nContenu du fichier :\n2016-04-22 09 :00 :10#192.0.0.0\n2016-04-22 09 :02 :10#192.0.0.0\n2016-04-22 09 :03 :10#192.0.0.0\n\nAfficher en bas du site :\n¬´ XX connexions depuis ce matin ; YY connexions au total ¬ª', NULL),
(43, 23, 'EXO2', 'Stocker les comptes utilisateurs via des fichiers', 'Mise en pratique des fichiers', 'Cr√©er un dossier /users et un fichier par utilisateur inscrit (¬´ contact@F2000.fr.user ¬ª)\nContenu du fichier :\nemail:contact@f2000.fr\npassword:formateur', NULL),
(44, 19, 'EXO1', 'Prise en main d‚ÄôAJAX', 'Mise √† jour d‚Äôune page via des requ√™tes AJAX', NULL, NULL),
(45, 19, 'EXO2', 'Pagination en Ajax', 'Utiliser Ajax pour afficher des annonces √† la vol√©e', 'Afficher les annonces suivantes via Ajax\n=> Identifier et isoler la partie √† mettre √† jour (vue partielle) et la mettre dans un "container"\n=> Cr√©er un bouton pour l''utilisateur afin de demander les annonces suivantes\n=> Au clic, effectuer l''appel AJAX et r√©cup√©rer notre nouvelle vue partielle\n=> Remplacer le contenu du "container" par la nouvelle vue (ou l''ajouter √† la suite)', '- Utiliser array_slice ( ) pour afficher un tableau partielle\n- Utiliser un param√®tre "offset" afin de d√©finir la position actuelle dans notre tableau d''annonces\n- Stocker ce param√®tre dans un attribut personnalis√© de notre bouton et mettre √† jour la valeur √† chaque clic de l''utilisateur'),
(46, 27, 'EXO1', 'Cr√©ation d‚Äôune classe Annonce', 'D√©couverte des classes en PHP', 'Transformation du tableau repr√©sentant l''annonce en un objet de classe Annonce\n\n1. Cr√©er une classe Annonce (fichier : /class/Annonce.php)\n\n2. Cr√©er les propri√©t√©s n√©cessaires (id, title, etc.) et les getteurs/setteurs associ√©s\n\n3. Modifier le fichier data.php pour utiliser la classe Annonce au lieu des sous-tableaux\n\n4. Modifier les diff√©rentes vues pour r√©cup√©rer les bonnes informations de vos annonces', 'Penser √† inclure votre classe dans les fichiers index.php/ajax.php'),
(47, 28, 'EXO1', 'Stockage des entit√©s Annonce via la s√©rialisation', 'D√©couverte de la s√©rialisation en PHP', '- Enregistrer les annonces d√©j√† existantes dans des fichiers textes\n- Cr√©er un formulaire de d√©p√¥t d‚Äôannonce\n- G√©rer l‚Äôenregistrement de l‚Äôannonce dans un fichier texte\n-> Via une m√©thode Annonce->save( )\n-> Charger les annonces via une m√©thode load()', NULL),
(48, 31, 'EXO1', 'Mise en pratique des expressions r√©guli√®res', 'D√©couverte des expressions r√©guli√®res en PHP', NULL, NULL),
(49, 30, 'EXO1', 'Upload d''un fichier image', 'D√©couvrir l''upload de fichiers en PHP', 'Modifier le formulaire de d√©p√¥t d''annonce pour permettre l''envoi d''une image', NULL),
(50, 32, 'EXO1', 'Mise en pratique de l‚Äôautoload', 'D√©couverte de l‚Äôautoload en PHP', 'Cr√©er un autoloader pour nos classes Annonce et User', 'spl_autoload_register'),
(51, 33, 'EXO1', 'Mise en pratique des espaces de noms', 'D√©couverte des espaces de noms en PHP', 'Cr√©er un namespace "Leboncoin" pour nos classes Annonce et User\nModifier le code en fonction', 'Attention √† DateTime dans la classe Annonce'),
(52, 34, 'EXO1', 'Mise en pratique des exceptions', 'D√©couverte des exceptions', NULL, NULL),
(53, 35, 'EXO1', 'Mise en pratique de PHPUnit', 'D√©couverte de PHPUnit', NULL, NULL),
(54, 36, 'EXO1', 'Requ√™tages basiques', 'D√©couverte des instructions SQL basiques', '-	Cr√©er une base de donn√©es "Library"\n-	Cr√©er une table "Users" : id, last_name, first_name, city, age, created_date\n-	Insertion, modification et suppression de donn√©es basiques', NULL),
(55, 37, 'EXO1', 'Requ√™tages interm√©diaires', 'D√©couverte des instructions SQL interm√©diaires', '-	Cr√©er une table "Books" : id, title, author, id_user\n-	Lier la table Utilisateurs √† Livres via un champ "id_user" dans la table "Books" (+ cl√© √©trang√®re)', NULL),
(56, 38, 'EXO1', 'Requ√™tages avanc√©s', 'D√©couverte des instructions SQL avanc√©s', '-	R√©cup√©rer des informations multi-tables', NULL),
(57, 39, 'EXO1', 'S√©paration des concepts Repository-Entity', 'S√©parer la structure de la classe (Entity) de son stockage (Repository)', 'D√©placer les m√©thodes load ( ) et save ( ) dans une classe xManager', NULL),
(58, 40, 'EXO1', 'Les fonctions MySQL natives', 'D√©couverte des fonctions MySQL natives', 'Modifier les m√©thodes load ( ) et save ( ) pour utiliser la base de donn√©es', NULL),
(59, 41, 'EXO1', 'La librarie PDO via une variable r√©f√©rence', 'D√©couverte de la librarie PDO en utilisant une r√©f√©rence sur l''objet PDO', 'Cr√©er une fonction connectDb( ) pour se connecter √† la BDD et passer l''objet PDO √† AnnoncesManager\nModifier les m√©thodes load ( ) et save ( ) pour utiliser la base de donn√©es', 'Cr√©er une propri√©t√© priv√©e (et le setter associ√©) pour stocker l''objet PDO dans AnnoncesManager'),
(60, 41, 'EXO2', 'La librarie PDO via un Singleton', 'D√©couverte de la librarie PDO en utilisant un Singleton', 'Cr√©er un singleton DbManager servant d''encapsulation √† notre objet PDO\nUtiliser ensuite ce singleton directement dans AnnoncesManager.', 'Effectuez la connexion √† la BDD lors de la cr√©ation du Singleton DbManager'),
(61, 41, 'EXO3', 'Cr√©ation de filtres', 'Cr√©er de nouvelles fonction pour filtrer nos annonces', NULL, NULL),
(62, 42, 'EXO1', 'D√©couvrir quelques failles de s√©curit√©', 'Apprendre par l''exemple', NULL, NULL),
(63, 43, 'EXO1', 'D√©couverte de Github', 'D√©couverte de GIT via Github', 'https://git-scm.com/download/win\n\nhttps://guides.github.com/activities/hello-world', NULL),
(64, 44, 'EXO1', 'La gestion de bugs avec Github', 'D√©couverte de la gestion de bugs via l‚Äôoutil interne de Github', NULL, NULL),
(65, 46, 'EXO1', 'Installation de Symfony', 'D√©couverte de Symfony', 'Cr√©ation d‚Äôune route SANS param√®tre et du controller/action associ√©s\nCr√©ation de la r√©ponse associ√©e (brute)\n\nCr√©ation d‚Äôune route AVEC param√®tre et du controller/action associ√©s\nCr√©ation de la r√©ponse associ√©e (brute)', NULL),
(66, 47, 'EXO1', 'D√©couverte de Symfony/Twig', 'D√©couverte de Twig via la solution Symfony', 'Cr√©ation d‚Äôune route SANS param√®tre et du controller/action associ√©s\nCr√©ation de la vue associ√©e (TWIG)\n\nCr√©ation d‚Äôune route AVEC param√®tre et du controller/action associ√©s\nCr√©ation de la vue associ√©e (TWIG)', NULL),
(67, 48, 'EXO1', 'D√©couverte de Symfony/La console', 'D√©couverte de la console Symfony', 'php app/console generate:bundle\nphp app/console generate:controller', NULL),
(68, 49, 'EXO1', 'D√©couverte de Symfony/Doctrine', 'D√©couverte de Doctrine via la solution Symfony', '== Le mapping ==\nRajouter les donn√©es de mapping sur l''entit√© Annonce d√©j√† cr√©√©e\nG√©n√©rer les getters/setters : php app/console doctrine:generate:entities AppBundle/...\n\n== La base de donn√©es ==\nphp app/console doctrine:schema:update --dump-sql\nphp app/console doctrine:schema:update --force\n\n== Les entit√©s ==\nGet, update, delete\n\n== Cr√©er une entit√© ‚ÄúUser‚Ä? via la console ==\nphp app/console doctrine:generate:entity', NULL),
(69, 49, 'EXO2', 'Les relations avec Symfony/Doctrine', 'D√©couverte des relations avec Doctrine via la solution Symfony', 'Lier les classes Annonce et User via une relation oneToMany', NULL),
(70, 50, 'EXO1', 'D√©couverte de Symfony/Form', 'D√©couverte des formulaires via la solution Symfony', 'Cr√©er le formulaire de d√©p√¥t d‚Äôannonce avec upload de fichiers\n\nCr√©er le formulaire d‚Äôenregistrement, de connexion et la persistance de l‚Äôutilisateur via la session', NULL),
(72, 47, 'EXO2', 'Reprise Leboncoin', 'S''approprier TWIG', 'Refaire le site Leboncoin gr√¢ce √† Symfony, Twig et Boostrap :\n- R√©aliser en premier lieu le template global (header, footer)\n- D√©finir ensuite les principales URLs (accueil, d√©tail annonce, d√©p√¥t annonce)\n- Cr√©er l''entit√© Annonce\n- R√©aliser les actions associ√©es\n- R√©aliser les views associ√©es', NULL),
(73, 52, 'EXO1', 'Projet Symfony initial', 'Utiliser Symfony pour construire le jeu de plateau', NULL, NULL),
(74, 52, 'EXO2', 'Projet Symfony - Plateau de jeu', 'R√©aliser un plateau de jeu via Symfony', 'Cr√©er les entit√©s User, Game\nCr√©er les models Board, Case, Player\n\nG√©rer l\'inscription d\'un utilisateur\nG√©rer la connexion d''un utilisateur\n\nG√©rer la cr√©ation d''une partie multi-joueurs ET solo\nG√©rer l''ajout d''un joueur dans le cas d''une partie multi-joueurs\n\nG√©rer le d√©marrage de la partie\nG√©rer les d√©placements des joueurs\n\nG√©rer l''abandon de la partie', NULL);

--
-- Contenu de la table `f2000fr_trainingcenter_module`
--

INSERT INTO `f2000fr_trainingcenter_module` (`id`, `category_id`, `quizz_id`, `reference`, `name`, `description`, `keypoints`, `duration`, `ressources`, `private_content`, `created_date`, `updated_date`) VALUES
(1, 1, NULL, 'FP-DW-8SEM', 'Formation D√©veloppeur Web 8 semaines', 'Formation de perfectionnement au m√©tier de D√©veloppeur Web (8 semaines)', '- HTML pour le fond (contenu, √©l√©ments logiques)\r\n- CSS pour la forme (apparence des  √©l√©ments) \r\n- JS pour l‚Äôinteractivit√© de votre site internet et ainsi interagir avec l‚Äôutilisateur\r\n- PHP pour rendre dynamique votre site internet\r\n- SQL pour stocker vos informations et celles de vos utilisateurs', NULL, 'http://www.metiers.internet.gouv.fr', NULL, '2017-01-25 11:22:06', '2017-03-16 17:17:06'),
(3, 3, NULL, 'DW-INFO1', 'Les m√©tiers web VS Le d√©veloppeur web', 'Pr√©sentation des diff√©rents m√©tiers web et plus pr√©cis√©ment du r√¥le du D√©veloppeur Web et de ces interactions avec les autres m√©tiers.', '- De nombreux m√©tiers existent dans le domaine web\r\n- Des comp√©tences transverses sont souvent demand√©es\r\n- Le D√©veloppeur Web propose et r√©alise une solution technique r√©pondant au besoin du client\r\n- Plusieurs langages de programmation existent avec leurs avantages/inconv√©nients\r\n- Plusieurs moyens de r√©alisation technique existent avec leurs avantages/inconv√©nients', NULL, '- http://www.metiers.internet.gouv.fr', NULL, '2017-01-29 18:46:38', '2017-01-29 18:46:38'),
(4, 3, NULL, 'DW-INFO2', 'Les langages web', 'Pr√©sentation du r√¥le des diff√©rents langages web (HTML, CSS, JS, PHP, SQL) et de la mani√®re dont ils interagissent entre eux.', '-	Diff√©rences client/serveur\r\n-	Langages client : HTML/CSS/JS\r\n-	Langages serveur : PHP/SQL', NULL, '- http://fr.wikipedia.org/wiki/Hypertext_Markup_Language\r\n- http://fr.wikipedia.org/wiki/Feuilles_de_style_en_cascade \r\n- http://fr.wikipedia.org/wiki/JavaScript\r\n- http://fr.wikipedia.org/wiki/PHP\r\n- http://fr.wikipedia.org/wiki/Structured_Query_Language', NULL, '2017-01-29 19:00:30', '2017-01-29 19:08:02'),
(5, 5, NULL, 'DW-HTML1', 'Les bases du langage HTML', 'Pr√©sentation des principales balises HTML\r\nComportements des balises (¬´ block ¬ª vs ¬´ inline ¬ª)', '-	HTML : format de donn√©es con√ßu pour repr√©senter les pages web\r\n-	Langage compos√© de balises et d‚Äôattributs\r\n-	Formalisme √† respecter pour un bon r√©f√©rencement', NULL, '- http://fr.wikipedia.org/wiki/Hypertext_Markup_Language\r\n- https://openclassrooms.com/courses/apprenez-a-creer-votre-site-web-avec-html5-et-css3/memento-des-balises-html', NULL, '2017-01-29 19:18:32', '2017-01-29 19:18:32'),
(6, 5, NULL, 'DW-HTML2', 'Nouveaut√©s HTML5', 'Pr√©sentation des nouveaut√©s HTML5', '- HTML5 : d√©finir une s√©mantique propre au sein d‚Äôun document HTML', NULL, '- http://www.alsacreations.com/article/lire/1376-html5-section-article-nav-header-footer-aside.html\r\n- http://www.alsacreations.com/xmedia/tuto/html5/sections/index.html\r\n- http://dev.w3.org/html5/markup', NULL, '2017-01-29 19:34:09', '2017-01-29 19:39:50'),
(7, 6, 15, 'DW-CSS1', 'Les bases du langage CSS', 'Pr√©sentation des principaux mots-cl√©s et s√©lecteurs CSS', '- CSS : d√©crire la pr√©sentation (mise en forme) d‚Äôun document HTML', NULL, '- http://fr.wikipedia.org/wiki/Feuilles_de_style_en_cascade\r\n- http://www.noupe.com/design/15-css-habits-to-develop-for-frustration-free-coding.html\r\n- https://www.w3.org/Style/Examples/007/units.fr.html', 'Se renseigner un peu plus sur les unit√©s de valeur !!', '2017-01-29 20:03:35', '2017-02-05 16:29:51'),
(9, 6, 16, 'DW-CSS2', 'Nouveaut√©s CSS3', 'Pr√©sentation des nouveaut√©s CSS3', '-	CSS3 : rajouter des effets visuels avanc√©s\r\n-	CSS3 : faciliter le responsive-design gr√¢ce aux media-queries', NULL, '- http://gafish.fr/nouveautes-css3\r\n- http://www.alsacreations.com/article/lire/930-css3-media-queries.html', NULL, '2017-01-29 20:15:10', '2017-01-29 20:18:15'),
(10, 6, NULL, 'DW-CSS3', 'CSS interm√©diaire (position/display)', 'Pr√©sentation des principaux positionnements en CSS et  des principales m√©thodes d‚Äôaffichage en CSS', '- Position "static" : comportement par d√©faut\r\n- Position "relative" : d√©calage par rapport √† la position de r√©f√©rence ; peut servir de r√©f√©rence √† d''autres √©l√©ments positionn√©s en "absolute"\r\n- Position "absolute" : positionnement "en dehors du flux", par rapport √† son premier anc√™tre positionn√© (relative ou fixed)\r\n- Position "fixed" : positionnement par rapport √† la fen√™tre du navigateur\r\n- √âl√©ments flottants : √† √©viter de mani√®re g√©n√©rale', NULL, '- http://www.alsacreations.com/article/lire/533-initiation-au-positionnement-en-css-partie-1.html\r\n- http://www.alsacreations.com/tuto/lire/608-initiation-au-positionnement-css-partie-2.html\r\n- http://www.alsacreations.com/article/lire/53-guide-de-survie-du-positionnement-css.html\r\n- http://www.xul.fr/css/position.php\r\n- https://openclassrooms.com/courses/apprenez-a-creer-votre-site-web-avec-html5-et-css3/la-mise-en-page-avec-flexbox', NULL, '2017-01-29 20:38:40', '2017-01-31 21:05:09'),
(12, 6, NULL, 'DW-CSS4', 'Le responsive-design', 'Pr√©sentation du responsive-design', '- Simplifier la mise √† jour du site (version unique)\r\n- Optimiser le design suivant le support (doigts/taille des boutons ; espace visuel)\r\n- Optimiser le chargement suivant le support (taille et poids des images)', NULL, '- http://fr.slideshare.net/UX-REPUBLIC/05-les-10-bonnes-pratiques-du-responsive-design-adrien-franceskini\r\n- http://davidl.fr/webdesign.html\r\n- https://startupeers.co/responsive-web-design-decryptage-bonnes-pratiques-ecommerce\r\n- http://www.ecommercemag.fr/Thematique/strategies-omni-canal-1009/Breves/Sept-conseils-pour-concevoir-un-site-en-responsive-design-51102.htm', NULL, '2017-01-29 20:54:53', '2017-02-01 16:43:17'),
(13, 4, NULL, 'DW-ERGO1', 'Le storyboarding', 'Pr√©sentation du storyboarding', '- Le storyboarding permet de comprendre le point de vue fonctionnel et ergonomique des diff√©rents √©crans d‚Äôun projet web', NULL, '- http://fr.slideshare.net/SuperFiction/storyboarding-for-the-web-methodology-and-tools', NULL, '2017-01-29 21:05:15', '2017-02-01 10:22:42'),
(14, 6, NULL, 'DW-CSS5', 'D√©couverte de Bootstrap', 'Pr√©sentation de la solution Bootstrap', '- Permet de simplifier la conception d''un site int√©r√™t en ayant un ensemble de classes pr√©d√©finies\r\n- Permet de simplifier le rendu "responsive" d''un site internet', NULL, '- http://getbootstrap.com\r\n- http://getbootstrap.com/getting-started/#examples\r\n- http://getbootstrap.com/components\r\n- https://openclassrooms.com/courses/prenez-en-main-bootstrap', 'Une colonne peut contenir une nouvelle "row" et ainsi se rediviser en 12', '2017-02-01 16:47:46', '2017-02-05 19:17:31'),
(15, 15, NULL, 'DW-PROG1', 'D√©couverte des langages de programmation', 'Pr√©sentation des notions g√©n√©rales de programmation', '- Variables : typ√©es ou non typ√©es suivant les langages\r\n- Types simples/complexes : d√©pend des langages (tableau/liste/objet)\r\n- Op√©rateurs math√©matiques\r\n- Conditions/boucles/fonctions', NULL, NULL, NULL, '2017-02-05 19:18:02', '2017-02-05 19:24:19'),
(16, 15, NULL, 'DW-PROG2', 'Les expressions r√©guli√®res', 'Pr√©sentation du concept d‚Äôexpression r√©guli√®re', '- Masque (chaine de caract√®re) permettant de valider ou non une chaine de caract√®re', NULL, '- http://fr.wikipedia.org/wiki/Expression_rationnelle\r\n- http://regexpal.com', NULL, '2017-02-05 19:19:39', '2017-02-05 19:19:39'),
(17, 7, NULL, 'DW-JS1', 'Les bases de langage JS', 'Pr√©sentation des notions de programmation sp√©cifiques √† JS', '- Langage de scripting principalement employ√© dans les pages web interactives\r\n- Interactions avec l‚Äôutilisateur (√©v√®nements, modification du DOM)', NULL, '- http://fr.wikipedia.org/wiki/JavaScript', 'Attention √† l''exo 3 : bien pr√©senter le processus d''optimisation', '2017-02-05 19:26:04', '2017-02-07 08:45:32'),
(18, 7, NULL, 'DW-JS2', 'La biblioth√®que JQuery', 'Pr√©sentation de la biblioth√®que JQuery', '- Facilite le traitement du javascript\r\n==> Modification du DOM/CSS\r\n==> √âv√©nements\r\n==> Effets visuels et animations\r\n==> Ajax', NULL, '- http://fr.wikipedia.org/wiki/JQuery\r\n- https://jquery.com', NULL, '2017-02-05 20:04:15', '2017-02-05 20:50:09'),
(19, 7, NULL, 'DW-JS3', 'Les requ√™tes AJAX', 'Pr√©sentation des requ√™tes AJAX en JS natif et via JQuery', '- Requ√™tes asynchrones envoy√©es, en arri√®re-plan, par le navigateur au serveur', NULL, '- http://fr.wikipedia.org/wiki/Ajax_%28informatique%29', NULL, '2017-02-05 21:49:28', '2017-02-09 22:31:07'),
(20, 8, NULL, 'DW-PHP1', 'Les bases du langage PHP', 'Pr√©sentation des notions de programmation sp√©cifiques √† PHP', '- Langage de programmation utilis√© principalement pour produire des pages Web dynamiques', NULL, '- http://fr.wikipedia.org/wiki/PHP', NULL, '2017-02-05 21:54:45', '2017-02-05 21:54:45'),
(21, 8, NULL, 'DW-PHP2', 'Le passage de param√®tres via PHP', 'Pr√©sentation des m√©thodes GET/POST', '- GET : Passage de param√®tres dans l''url\r\n- POST : Passage de param√®tres dans les donn√©es POST', NULL, '- http://www.w3schools.com/Tags/ref_httpmethods.asp', NULL, '2017-02-05 22:22:39', '2017-02-09 21:46:22'),
(22, 8, NULL, 'DW-PHP3', 'Sessions et cookies', 'Pr√©sentation des sessions et des cookies', '- Sessions : donn√©es persistantes c√¥t√© serveur (non modifiable par l''utilisateur)\r\n- Cookies : donn√©es persistantes c√¥t√© client (modifiable par l''utilisateur)', NULL, '- https://php.developpez.com/cours/sessions', NULL, '2017-02-05 22:52:14', '2017-02-05 22:52:14'),
(23, 8, NULL, 'DW-PHP4', 'Manipulation de fichiers via PHP', 'Manipuler les fichiers gr√¢ce √† PHP', '- Attention aux gros fichiers : ne pas utiliser file( ) mais une boucle\r\n- Ne pas oublier de fermer le fichier !', NULL, '- http://php.net/manual/fr/ref.filesystem.php', NULL, '2017-02-05 23:01:19', '2017-02-09 21:46:12'),
(24, 4, NULL, 'DW-ERGO2', 'Notions d''ergonomie web', 'Pr√©sentation des principes d‚Äôergonomie', NULL, NULL, '- http://www.matthieu-tranvan.fr/e-commerce/7-principes-fondamentaux-design-web-site-ergonomie.html\r\n- http://mariekuter.com/cours-construire-un-site-utilisable-bonnes-pratiques-et-outils-de-lergonomie-web', NULL, '2017-02-12 17:56:24', '2017-02-12 17:56:24'),
(25, 3, NULL, 'DW-INFO3', 'Les protocoles web', 'Pr√©sentation des protocoles web', NULL, NULL, '- http://fr.wikipedia.org/wiki/Hypertext_Transfer_Protocol\r\n- http://fr.wikipedia.org/wiki/Liste_des_codes_HTTP', NULL, '2017-02-12 17:57:48', '2017-02-12 17:57:48'),
(26, 3, NULL, 'DW-INFO4', 'Les formats de donn√©es g√©n√©riques', 'Pr√©sentation des principaux formats de donn√©es g√©n√©riques', '- JSON : principalement utilis√© pour la communication via AJAX (navigateur <=> serveur)\r\n- XML : principalement utilis√© par les applications lourdes (ex : flux RSS)\r\n- YAML : principalement utilis√© pour des fichiers de configuration\r\n- Annotations (PHP Only) : principalement utilis√© pour surcharger le code PHP par des informations annexes (infos DB par exemple)', NULL, '- http://fr.wikipedia.org/wiki/JavaScript_Object_Notation\r\n- http://fr.wikipedia.org/wiki/Extensible_Markup_Language\r\n- http://fr.wikipedia.org/wiki/YAML\r\n- https://code.google.com/archive/p/addendum/wikis/ShortTutorialByExample.wiki', NULL, '2017-02-12 18:07:25', '2017-02-24 10:41:36'),
(27, 8, NULL, 'DW-PHP5', 'Les classes PHP', 'Pr√©sentation des classes en PHP', '- Une classe poss√®de des attributs et des fonctions\r\n- Chacun d''eux a une visibilit√© particuli√®re (publique/priv√©e)\r\n- Le mot-cl√© "$this" fait r√©f√©rence √† l''instance courante', NULL, NULL, NULL, '2017-02-12 18:10:03', '2017-02-14 13:53:46'),
(28, 8, NULL, 'DW-PHP6', 'La s√©rialisation en PHP', 'Pr√©sentation du concept de s√©rialisation en PHP', '- La s√©rialisation permet de ¬´ transtyper ¬ª et de lin√©ariser un objet\r\n- serialize ( ) / unserialize ( )', NULL, NULL, NULL, '2017-02-12 18:54:56', '2017-02-12 18:54:56'),
(29, 8, NULL, 'DW-PHP7', 'L‚Äôh√©ritage en PHP', 'Pr√©sentation du concept d‚Äôh√©ritage PHP, les classes abstraites', '- Une classe fille h√©ritent des propri√©t√©s et des comportements de sa classe parente. Elle peut red√©finir certains comportements et en ajouter d''autres.\r\n- Une classe abstraite permet de d√©finir des comportements que devront respecter les classes qui en h√©ritent. Une classe abstraite ne peut pas √™tre instanci√©e.', NULL, '- https://openclassrooms.com/courses/programmez-en-oriente-objet-en-php/l-heritage-3', NULL, '2017-02-12 19:08:57', '2017-02-12 19:08:57'),
(30, 8, NULL, 'DW-PHP8', 'L‚Äôupload de fichiers en PHP', 'Pr√©sentation de l‚Äôupload de fichiers', '- Le formulaire doit utilis√© la m√©thode POST et d√©finir l''attribut enctype\r\n- On r√©cup√®re les donn√©es du fichier via la variable globale $_FILES\r\n- On doit d√©placer le fichier temporaire via la fonction move_uploaded_file ( )', NULL, NULL, NULL, '2017-02-12 19:14:15', '2017-02-12 21:08:50'),
(31, 8, NULL, 'DW-PHP9', 'Les expressions r√©guli√®res en PHP', 'Pr√©sentation du concept d‚Äôexpression r√©guli√®re', '- Les regex doivent √™tres entour√©es de d√©limiteurs\r\n- Fonctions a retenir : preg_match / preg_match_all / preg_replace', NULL, '- http://fr.wikipedia.org/wiki/Expression_rationnelle\r\n- http://regexpal.com', NULL, '2017-02-12 19:30:46', '2017-02-12 20:41:06'),
(32, 8, NULL, 'DW-PHP11', 'Auto-chargement de classes (autoload)', 'Pr√©sentation de l''autoload', '- Les fichiers de classes doivent suivre une nomenclature pr√©cise afin de pouvoir √™tre inclus de mani√®re dynamique', NULL, '- http://php.net/manual/fr/language.oop5.autoload.php\r\n- https://www.grafikart.fr/formations/programmation-objet-php/autoload', NULL, '2017-02-14 19:26:09', '2017-02-14 20:10:48'),
(33, 8, NULL, 'DW-PHP10', 'Les namespaces (espaces de noms)', 'Pr√©sentation des espaces de nom', '- Permet d‚Äôemp√™cher la collision de noms entre votre code et des biblioth√®ques tierces', NULL, '- http://php.net/manual/fr/language.namespaces.rationale.php', NULL, '2017-02-14 20:11:52', '2017-02-14 20:13:07'),
(34, 8, NULL, 'DW-PHP12', 'Les exceptions en PHP', 'Pr√©sentation des exceptions', '- try / catch / finally', NULL, '- http://php.net/manual/fr/language.exceptions.php', NULL, '2017-02-14 20:30:53', '2017-02-14 20:31:13'),
(35, 8, NULL, 'DW-PHP13', 'Les tests unitaires en PHP via PHPUnit', 'Pr√©sentation des tests unitaires et de PHPUnit', '- Les tests unitaires permettent de rendre votre code plus robuste et d''emp√™cher les r√©gressions de code', NULL, '- https://openclassrooms.com/courses/decouvrez-le-framework-php-laravel/les-tests-unitaires-4\r\n- https://phpunit.de/getting-started.html', NULL, '2017-02-14 20:38:08', '2017-02-14 20:39:23'),
(36, 9, NULL, 'DW-SQL1', 'Les bases du langage SQL', 'Pr√©sentation du langage SQL', '- Il existe plusieurs SGBD, le plus connu √©tant MySQL\r\n- Instructions basiques (CRUD) : SELECT, INSERT, UPDATE, DELETE', NULL, '- http://fr.wikipedia.org/wiki/Syst%C3%A8me_de_gestion_de_base_de_donn%C3%A9es\r\n- http://fr.wikipedia.org/wiki/Structured_Query_Language\r\n- http://www.w3schools.com/sql/', NULL, '2017-02-19 19:56:54', '2017-02-19 19:56:54'),
(37, 9, NULL, 'DW-SQL2', 'SQL interm√©diaire', 'Pr√©sentation des agr√©gats et de l‚Äôinstruction GROUP BY', '- Agr√©gats : COUNT ( * ), MAX, MIN, AVG, SUM\r\n- Instruction GROUP BY : permet de grouper les r√©sultats par lots', NULL, NULL, NULL, '2017-02-19 20:08:15', '2017-02-19 20:08:15'),
(38, 9, NULL, 'DW-SQL3', 'SQL avanc√©', 'Pr√©sentation des jointures, des unions et des cl√©s primaires/√©trang√®res', '- MyISAM est tr√®s rapide pour des recherches de texte\r\n- InnoDB permet une gestion plus complexe de la base de donn√©es (transactions, cl√©s √©trang√®res)\r\n- Les index permettent d''indexer du contenu et de faire des recherches plus rapide', NULL, '- http://sql.sh/cours/jointures', NULL, '2017-02-19 20:30:36', '2017-02-19 20:30:36'),
(39, 10, NULL, 'DW-PHP-SQL1', 'Concepts de mod√©lisation SQL en PHP', 'Concept de s√©paration Stockage des donn√©es VS Structure des donn√©es\r\nConcept d‚Äôhydratation', '- Bonne pratique : s√©parer le stockage des donn√©es (Repository) et la structure des donn√©es (Entity)\r\n- Concept d''hydratation : fonction permettant de remplir une classe via un tableau de donn√©es ayant pour cl√©s les attributs de la classe', NULL, NULL, NULL, '2017-02-19 20:39:48', '2017-02-19 20:39:48'),
(40, 10, NULL, 'DW-PHP-SQL2', 'Les fonctions natives MySQL en PHP', 'Pr√©sentation des fonctions natives PHP pour travailler avec MySQL', '- Fonctions globales permettant de communiquer avec une base MySQL', NULL, NULL, NULL, '2017-02-19 21:01:33', '2017-02-19 21:01:33'),
(41, 10, NULL, 'DW-PHP-SQL3', 'La librairie PDO', 'Pr√©sentation de la librarie PDO', '- Extension PHP permettant l‚Äôabstraction du SGBD utilis√©', NULL, '- http://php.net/manual/fr/book.pdo.php\r\n- https://openclassrooms.com/courses/concevez-votre-site-web-avec-php-et-mysql/lire-des-donnees-2\r\n- https://openclassrooms.com/courses/concevez-votre-site-web-avec-php-et-mysql/ecrire-des-donnees-2\r\n- https://openclassrooms.com/courses/pdo-comprendre-et-corriger-les-erreurs-les-plus-frequentes', NULL, '2017-02-19 21:08:21', '2017-02-21 20:10:18'),
(42, 11, NULL, 'DW-SECU1', 'Notions g√©n√©rales de s√©curit√©', 'Bonnes pratiques de s√©curit√©', '- Ne jamais stocker un mot de passe en clair (rainbow tables\r\n- Se prot√©ger des attaques XSS et CSRF\r\n- Se prot√©ger des injections SQL', NULL, '- http://fr.wikipedia.org/wiki/Cross-site_scripting\r\n- http://fr.wikipedia.org/wiki/Cross-Site_Request_Forgery\r\n- http://fr.wikipedia.org/wiki/Injection_SQL', NULL, '2017-02-19 21:23:07', '2017-02-19 21:23:07'),
(43, 12, NULL, 'DW-TOOLS1', 'Les logiciels de gestion de versions', 'Pr√©sentation des outils de gestion de versions', '- Permet de g√©rer facilement un projet √† plusieurs (historique des changements, gestion des conflits, etc.)\r\n- GIT : outil d√©centralis√© (travail possible hors-ligne)\r\n- SVN : outil centralis√©', NULL, '- http://learngitbranching.js.org\r\n- http://fr.wikipedia.org/wiki/Git\r\n- https://fr.wikipedia.org/wiki/Apache_Subversion', NULL, '2017-02-26 20:16:08', '2017-02-27 10:40:53'),
(44, 12, NULL, 'DW-TOOLS2', 'Les logiciels de gestion de bugs', 'Pr√©sentation des outils de gestion de bugs', '- Sert √† historiser et traiter rapidement les probl√®mes', NULL, '- http://www.redmine.org\r\n- https://www.atlassian.com/software/jira\r\n- http://www.mantisbt.org/', NULL, '2017-02-26 20:21:42', '2017-02-26 20:21:42'),
(45, 12, NULL, 'DW-TOOLS3', 'Les frameworks', 'Pr√©sentation des frameworks ; Comparaison Symfony VS Zend Framework', '- Framework : ensemble de composants permettant de cr√©er les fondations d‚Äôun logiciel\r\n- Architecture unifi√©e et r√©pondant aux bonnes pratiques\r\n- Modulaire, s√©curis√©, performant, communautaire', NULL, '- https://fr.wikipedia.org/wiki/Framework\r\n- http://symfony.com\r\n- https://framework.zend.com', NULL, '2017-02-26 20:26:29', '2017-02-26 20:26:29'),
(46, 13, NULL, 'DW-SYM1', 'Les bases de Symfony', 'Pr√©sentation de Symfony', '- Symfony : Build your App, not your Tools\r\n- Framework : ensemble de composants permettant de cr√©er les fondations d‚Äôun logiciel\r\n- MVC, Routage, formulaires, validation, vues, classes, ORM', NULL, '- https://symfony.com/doc/current/index.html\r\n- https://getcomposer.org/download', NULL, '2017-02-26 20:30:53', '2017-02-27 08:31:17'),
(47, 13, NULL, 'DW-SYM2', 'Symfony et Twig', 'Pr√©sentation de Twig', '- Twig : The flexible, fast, and secure template engine for PHP', NULL, '- http://twig.sensiolabs.org\r\n- http://alexandre.clain.info/twig-les-filtres-disponibles', NULL, '2017-02-26 20:41:06', '2017-02-26 20:47:31'),
(48, 13, NULL, 'DW-SYM3', 'Symfony et la console', 'Pr√©sentation de la console de Symfony', '- php bin/console cache:clear\r\n- php bin/console generate:bundle\r\n- php bin/console generate:controller', NULL, '- http://symfony.com/doc/current/bundles/SensioGeneratorBundle/commands/generate_bundle.html\r\n- http://symfony.com/doc/current/bundles/SensioGeneratorBundle/commands/generate_controller.html', NULL, '2017-02-26 20:50:56', '2017-02-26 20:50:56'),
(49, 13, NULL, 'DW-SYM4', 'Symfony et Doctrine', 'Pr√©sentation de Doctrine', '- Doctrine : Lien entre les entit√©s PHP et la base de donn√©es (ORM)\r\n- Doctrine : Abstraction compl√®te de la base de donn√©e (DBAL)', NULL, '- https://symfony.com/doc/master/doctrine.html', NULL, '2017-02-26 20:53:58', '2017-03-02 08:57:19'),
(50, 13, NULL, 'DW-SYM5', 'Symfony et les formulaires', 'Pr√©sentation des formulaires avec Symfony', '- Structure d√©j√† existante pour faciliter la gestion des formulaires', NULL, '- http://symfony.com/doc/current/book/forms.html\r\n- http://symfony.com/doc/current/reference/forms/twig_reference.html\r\n- https://symfony.com/doc/current/reference/constraints.html\r\n- http://symfony.com/doc/current/book/validation.html', NULL, '2017-02-26 21:12:03', '2017-03-02 11:46:35'),
(51, 14, NULL, 'DW-METH1', 'D√©couverte de l''UML', 'D√©couverte de l''UML', '- Langage de mod√©lisation graphique √† base de pictogrammes con√ßu pour fournir une m√©thode normalis√©e pour visualiser la conception d''un syst√®me.\r\n- A retenir : \r\n---> diagramme de classes\r\n---> diagramme des cas d''utilisation\r\n---> diagramme de s√©quence', NULL, '- https://fr.wikipedia.org/wiki/UML_(informatique)\r\n- https://fr.wikipedia.org/wiki/Diagramme_de_classes\r\n- https://fr.wikipedia.org/wiki/Diagramme_des_cas_d''utilisation\r\n- https://fr.wikipedia.org/wiki/Diagramme_de_s√©quence', NULL, '2017-03-01 23:33:58', '2017-03-01 23:34:46'),
(52, 2, 14, 'DW-PROJ1', 'Projet web "Jeu de plateau"', 'Cr√©er un jeu de plateau en groupe via les technologies suivantes : Symfony/Doctrine/Twig ; HTML/CSS/JQuery/PHP/SQL', '- Concevoir une √©tude projet (cahier des charges, diagramme de classe, storyboard)\r\n- R√©partir les t√¢ches dans un groupe\r\n- Cr√©ation de l''√©bauche du projet dans un temps 1\r\n- Am√©lioration du projet dans un temps 2\r\n- Finalisation du projet et pr√©sentation dans un temps 3', NULL, '- https://fr.wikipedia.org/wiki/Cahier_des_charges\r\n- https://fr.wikipedia.org/wiki/Diagramme_de_Gantt\r\n- https://openclassrooms.com/courses/developpez-votre-site-web-avec-le-framework-symfony2/deployer-son-site-symfony2-en-production', NULL, '2017-03-07 08:34:26', '2017-03-14 19:30:37');

--
-- Contenu de la table `f2000fr_trainingcenter_qcm_question`
--

INSERT INTO `f2000fr_trainingcenter_qcm_question` (`id`, `quizz_id`, `name`) VALUES
(18, 14, 'Q1'),
(19, 14, 'Q2'),
(20, 15, 'A quoi sert le langage CSS ?'),
(21, 15, 'O√π est-il conseill√© de placer le code CSS ?'),
(22, 15, 'Quelles r√®gles CSS sont valides ?'),
(23, 15, 'Quel est le s√©lecteur √† utiliser pour faire r√©f√©rence √† une classe ?'),
(24, 15, 'Quelle instruction permet de mettre un √©l√©ment en gras ?');

--
-- Contenu de la table `f2000fr_trainingcenter_qcm_quizz`
--

INSERT INTO `f2000fr_trainingcenter_qcm_quizz` (`id`, `reference`, `name`) VALUES
(14, 'DW-PROJ1', 'Projet web "Jeu de plateau"'),
(15, 'DW-CSS1', 'Les bases du langage CSS'),
(16, 'DW-CSS2', 'Nouveaut√©s CSS3');

--
-- Contenu de la table `f2000fr_trainingcenter_qcm_response`
--

INSERT INTO `f2000fr_trainingcenter_qcm_response` (`id`, `question_id`, `name`, `valid`) VALUES
(27, 18, 'dfgfd', 1),
(28, 18, 'gfdgfd', 0),
(29, 19, 'gfdgfd', 0),
(30, 19, 'gfd', 1),
(31, 19, 'gfd', 0),
(32, 20, 'A r√©aliser des pages dynamiques', 0),
(33, 20, 'A mettre en forme les documents web', 1),
(34, 20, 'A ins√©rer du contenu dans une page internet', 0),
(35, 21, 'Dans le <body>', 0),
(36, 21, 'Entre les balises <head>', 0),
(37, 21, 'Dans un fichier externe', 1),
(38, 22, 'body {color: black;}', 1),
(39, 22, '<a style="color :black;"> </a>', 1),
(40, 22, 'body : (color :black)', 0),
(41, 23, 'Le s√©lecteur .', 1),
(42, 23, 'Le s√©lecteur #', 0),
(43, 23, 'Le s√©lecteur *', 0),
(44, 24, 'font :bold ;', 0),
(45, 24, 'font-weight :bold ;', 1),
(46, 24, 'style :bold ;', 0);

--
-- Contenu de la table `f2000fr_trainingcenter_training`
--

INSERT INTO `f2000fr_trainingcenter_training` (`id`, `name`, `client`, `sponsor`, `description`, `location`, `private`, `start_date`, `end_date`, `created_date`, `updated_date`) VALUES
(1, 'D√©veloppement web', 'P√¥le Emploi', 'AFPA', 'Horaires de formation (35h/sem.) :\r\n- de 8h30 √† 12h30 et de 13h30 √† 17h15 du lundi au jeudi\r\n- de 8h30 √† 12h30 le vendredi\r\n\r\nR√©f√©rents :\r\n- AFPA (Jacques MASSOUH - jacques.massouh@afpa.fr)\r\n- P√¥le Emploi (Nathalie RUSCA - nathalie.rusca@pole-emploi.fr)\r\n- P√¥le Emploi (Sophie PICHOT - sophie.pichot@pole-emploi.fr)\r\n\r\nFormation assur√©e par F2000.FR (Fabien LOUIS - contact@f2000.fr - 06.87.97.43.54)', '16 Place Rom√©e de Villeneuve - 13090 Aix En Provence', 0, '2017-01-30 00:00:00', '2017-03-29 23:59:59', '2016-11-25 13:23:17', '2017-03-27 21:55:29');

--
-- Contenu de la table `f2000fr_trainingcenter_training_module`
--

INSERT INTO `f2000fr_trainingcenter_training_module` (`id`, `training_id`, `module_id`, `restricted`) VALUES
(1, 1, 1, 0),
(2, 1, 3, 0),
(3, 1, 4, 0),
(4, 1, 5, 0),
(5, 1, 6, 0),
(6, 1, 7, 0),
(7, 1, 9, 0),
(8, 1, 10, 0),
(9, 1, 13, 0),
(10, 1, 12, 0),
(11, 1, 14, 0),
(12, 1, 18, 0),
(13, 1, 15, 0),
(14, 1, 17, 0),
(15, 1, 20, 0),
(16, 1, 21, 0),
(17, 1, 22, 0),
(18, 1, 19, 0),
(19, 1, 27, 0),
(20, 1, 29, 0),
(21, 1, 28, 0),
(22, 1, 30, 0),
(23, 1, 23, 0),
(24, 1, 33, 0),
(25, 1, 32, 0),
(26, 1, 16, 0),
(27, 1, 31, 0),
(28, 1, 36, 0),
(29, 1, 37, 0),
(30, 1, 38, 0),
(31, 1, 39, 0),
(32, 1, 40, 0),
(33, 1, 41, 0),
(34, 1, 34, 0),
(35, 1, 25, 0),
(36, 1, 26, 0),
(37, 1, 42, 0),
(38, 1, 43, 0),
(39, 1, 44, 0),
(40, 1, 45, 0),
(41, 1, 46, 0),
(42, 1, 47, 0),
(43, 1, 48, 0),
(44, 1, 49, 0),
(45, 1, 50, 0),
(46, 1, 51, 0),
(47, 1, 52, 0);

--
-- Contenu de la table `f2000fr_trainingcenter_user`
--

INSERT INTO `f2000fr_trainingcenter_user` (`id`, `login`, `password`, `first_name`, `last_name`, `email`, `comment`, `role`, `status`, `created_date`, `updated_date`) VALUES
(1, 'admin', 'admin', 'Fabien', 'LOUIS', 'contact@f2000.fr', 'Connaissances correctes (HTML/CSS)\r\nTr√®s bonne motivation', 3, 1, '2016-07-06 00:00:00', '2017-03-26 19:32:12'),
(2, 'manager', 'manager', 'Manager', 'LOUIS', 'manager@f2000.fr', NULL, 2, 1, '0000-00-00 00:00:00', '2017-02-08 13:31:10'),
(3, 'student', 'student', 'Student', 'LOUIS', 'student@f2000.fr', NULL, 1, 1, '0000-00-00 00:00:00', '2017-03-26 21:34:40');

--
-- Contenu de la table `f2000fr_trainingcenter_users_trainings`
--

INSERT INTO `f2000fr_trainingcenter_users_trainings` (`user_id`, `training_id`) VALUES
(3, 1);

/*!40101 SET CHARACTER_SET_CLIENT=@OLD_CHARACTER_SET_CLIENT */;
/*!40101 SET CHARACTER_SET_RESULTS=@OLD_CHARACTER_SET_RESULTS */;
/*!40101 SET COLLATION_CONNECTION=@OLD_COLLATION_CONNECTION */;
